Nombre 1;Apellido 1;Direccion 1;Telefono 1
Nombre 2;Apellido 2;Direccion 2;Telefono 2
Nombre 3;Apellido 3;Direccion 3;Telefono 3
Nombre 4;Apellido 4;Direccion 4;Telefono 4
Nombre 5;Apellido 5;Direccion 5;Telefono 5
Nombre 6;Apellido 6;Direccion 6;Telefono 6
Nombre 7;Apellido 7;Direccion 7;Telefono 7
Nombre 8;Apellido 8;Direccion 8;Telefono 8
Nombre 9;Apellido 9;Direccion 9;Telefono 9
Nombre 10;Apellido 10;Direccion 10;Telefono 10
Nombre 11;Apellido 11;Direccion 11;Telefono 11
Nombre 12;Apellido 12;Direccion 12;Telefono 12
Nombre 13;Apellido 13;Direccion 13;Telefono 13
Nombre 14;Apellido 14;Direccion 14;Telefono 14
Nombre 15;Apellido 15;Direccion 15;Telefono 15
Nombre 16;Apellido 16;Direccion 16;Telefono 16
Nombre 17;Apellido 17;Direccion 17;Telefono 17
Nombre 18;Apellido 18;Direccion 18;Telefono 18
Nombre 19;Apellido 19;Direccion 19;Telefono 19
Nombre 20;Apellido 20;Direccion 20;Telefono 20
Nombre 21;Apellido 21;Direccion 21;Telefono 21
Nombre 22;Apellido 22;Direccion 22;Telefono 22
Nombre 23;Apellido 23;Direccion 23;Telefono 23
Nombre 24;Apellido 24;Direccion 24;Telefono 24
Nombre 25;Apellido 25;Direccion 25;Telefono 25
Nombre 26;Apellido 26;Direccion 26;Telefono 26
Nombre 27;Apellido 27;Direccion 27;Telefono 27
Nombre 28;Apellido 28;Direccion 28;Telefono 28
Nombre 29;Apellido 29;Direccion 29;Telefono 29
Nombre 30;Apellido 30;Direccion 30;Telefono 30
Nombre 31;Apellido 31;Direccion 31;Telefono 31
Nombre 32;Apellido 32;Direccion 32;Telefono 32
Nombre 33;Apellido 33;Direccion 33;Telefono 33
Nombre 34;Apellido 34;Direccion 34;Telefono 34
Nombre 35;Apellido 35;Direccion 35;Telefono 35
Nombre 36;Apellido 36;Direccion 36;Telefono 36
Nombre 37;Apellido 37;Direccion 37;Telefono 37
Nombre 38;Apellido 38;Direccion 38;Telefono 38
Nombre 39;Apellido 39;Direccion 39;Telefono 39
Nombre 40;Apellido 40;Direccion 40;Telefono 40
Nombre 41;Apellido 41;Direccion 41;Telefono 41
Nombre 42;Apellido 42;Direccion 42;Telefono 42
Nombre 43;Apellido 43;Direccion 43;Telefono 43
Nombre 44;Apellido 44;Direccion 44;Telefono 44
Nombre 45;Apellido 45;Direccion 45;Telefono 45
Nombre 46;Apellido 46;Direccion 46;Telefono 46
Nombre 47;Apellido 47;Direccion 47;Telefono 47
Nombre 48;Apellido 48;Direccion 48;Telefono 48
Nombre 49;Apellido 49;Direccion 49;Telefono 49
Nombre 50;Apellido 50;Direccion 50;Telefono 50
Nombre 51;Apellido 51;Direccion 51;Telefono 51
Nombre 52;Apellido 52;Direccion 52;Telefono 52
Nombre 53;Apellido 53;Direccion 53;Telefono 53
Nombre 54;Apellido 54;Direccion 54;Telefono 54
Nombre 55;Apellido 55;Direccion 55;Telefono 55
Nombre 56;Apellido 56;Direccion 56;Telefono 56
Nombre 57;Apellido 57;Direccion 57;Telefono 57
Nombre 58;Apellido 58;Direccion 58;Telefono 58
Nombre 59;Apellido 59;Direccion 59;Telefono 59
Nombre 60;Apellido 60;Direccion 60;Telefono 60
Nombre 61;Apellido 61;Direccion 61;Telefono 61
Nombre 62;Apellido 62;Direccion 62;Telefono 62
Nombre 63;Apellido 63;Direccion 63;Telefono 63
Nombre 64;Apellido 64;Direccion 64;Telefono 64
Nombre 65;Apellido 65;Direccion 65;Telefono 65
Nombre 66;Apellido 66;Direccion 66;Telefono 66
Nombre 67;Apellido 67;Direccion 67;Telefono 67
Nombre 68;Apellido 68;Direccion 68;Telefono 68
Nombre 69;Apellido 69;Direccion 69;Telefono 69
Nombre 70;Apellido 70;Direccion 70;Telefono 70
Nombre 71;Apellido 71;Direccion 71;Telefono 71
Nombre 72;Apellido 72;Direccion 72;Telefono 72
Nombre 73;Apellido 73;Direccion 73;Telefono 73
Nombre 74;Apellido 74;Direccion 74;Telefono 74
Nombre 75;Apellido 75;Direccion 75;Telefono 75
Nombre 76;Apellido 76;Direccion 76;Telefono 76
Nombre 77;Apellido 77;Direccion 77;Telefono 77
Nombre 78;Apellido 78;Direccion 78;Telefono 78
Nombre 79;Apellido 79;Direccion 79;Telefono 79
Nombre 80;Apellido 80;Direccion 80;Telefono 80
Nombre 81;Apellido 81;Direccion 81;Telefono 81
Nombre 82;Apellido 82;Direccion 82;Telefono 82
Nombre 83;Apellido 83;Direccion 83;Telefono 83
Nombre 84;Apellido 84;Direccion 84;Telefono 84
Nombre 85;Apellido 85;Direccion 85;Telefono 85
Nombre 86;Apellido 86;Direccion 86;Telefono 86
Nombre 87;Apellido 87;Direccion 87;Telefono 87
Nombre 88;Apellido 88;Direccion 88;Telefono 88
Nombre 89;Apellido 89;Direccion 89;Telefono 89
Nombre 90;Apellido 90;Direccion 90;Telefono 90
Nombre 91;Apellido 91;Direccion 91;Telefono 91
Nombre 92;Apellido 92;Direccion 92;Telefono 92
Nombre 93;Apellido 93;Direccion 93;Telefono 93
Nombre 94;Apellido 94;Direccion 94;Telefono 94
Nombre 95;Apellido 95;Direccion 95;Telefono 95
Nombre 96;Apellido 96;Direccion 96;Telefono 96
Nombre 97;Apellido 97;Direccion 97;Telefono 97
Nombre 98;Apellido 98;Direccion 98;Telefono 98
Nombre 99;Apellido 99;Direccion 99;Telefono 99
Nombre 100;Apellido 100;Direccion 100;Telefono 100
Nombre 101;Apellido 101;Direccion 101;Telefono 101
Nombre 102;Apellido 102;Direccion 102;Telefono 102
Nombre 103;Apellido 103;Direccion 103;Telefono 103
Nombre 104;Apellido 104;Direccion 104;Telefono 104
Nombre 105;Apellido 105;Direccion 105;Telefono 105
Nombre 106;Apellido 106;Direccion 106;Telefono 106
Nombre 107;Apellido 107;Direccion 107;Telefono 107
Nombre 108;Apellido 108;Direccion 108;Telefono 108
Nombre 109;Apellido 109;Direccion 109;Telefono 109
Nombre 110;Apellido 110;Direccion 110;Telefono 110
Nombre 111;Apellido 111;Direccion 111;Telefono 111
Nombre 112;Apellido 112;Direccion 112;Telefono 112
Nombre 113;Apellido 113;Direccion 113;Telefono 113
Nombre 114;Apellido 114;Direccion 114;Telefono 114
Nombre 115;Apellido 115;Direccion 115;Telefono 115
Nombre 116;Apellido 116;Direccion 116;Telefono 116
Nombre 117;Apellido 117;Direccion 117;Telefono 117
Nombre 118;Apellido 118;Direccion 118;Telefono 118
Nombre 119;Apellido 119;Direccion 119;Telefono 119
Nombre 120;Apellido 120;Direccion 120;Telefono 120
Nombre 121;Apellido 121;Direccion 121;Telefono 121
Nombre 122;Apellido 122;Direccion 122;Telefono 122
Nombre 123;Apellido 123;Direccion 123;Telefono 123
Nombre 124;Apellido 124;Direccion 124;Telefono 124
Nombre 125;Apellido 125;Direccion 125;Telefono 125
Nombre 126;Apellido 126;Direccion 126;Telefono 126
Nombre 127;Apellido 127;Direccion 127;Telefono 127
Nombre 128;Apellido 128;Direccion 128;Telefono 128
Nombre 129;Apellido 129;Direccion 129;Telefono 129
Nombre 130;Apellido 130;Direccion 130;Telefono 130
Nombre 131;Apellido 131;Direccion 131;Telefono 131
Nombre 132;Apellido 132;Direccion 132;Telefono 132
Nombre 133;Apellido 133;Direccion 133;Telefono 133
Nombre 134;Apellido 134;Direccion 134;Telefono 134
Nombre 135;Apellido 135;Direccion 135;Telefono 135
Nombre 136;Apellido 136;Direccion 136;Telefono 136
Nombre 137;Apellido 137;Direccion 137;Telefono 137
Nombre 138;Apellido 138;Direccion 138;Telefono 138
Nombre 139;Apellido 139;Direccion 139;Telefono 139
Nombre 140;Apellido 140;Direccion 140;Telefono 140
Nombre 141;Apellido 141;Direccion 141;Telefono 141
Nombre 142;Apellido 142;Direccion 142;Telefono 142
Nombre 143;Apellido 143;Direccion 143;Telefono 143
Nombre 144;Apellido 144;Direccion 144;Telefono 144
Nombre 145;Apellido 145;Direccion 145;Telefono 145
Nombre 146;Apellido 146;Direccion 146;Telefono 146
Nombre 147;Apellido 147;Direccion 147;Telefono 147
Nombre 148;Apellido 148;Direccion 148;Telefono 148
Nombre 149;Apellido 149;Direccion 149;Telefono 149
Nombre 150;Apellido 150;Direccion 150;Telefono 150
Nombre 151;Apellido 151;Direccion 151;Telefono 151
Nombre 152;Apellido 152;Direccion 152;Telefono 152
Nombre 153;Apellido 153;Direccion 153;Telefono 153
Nombre 154;Apellido 154;Direccion 154;Telefono 154
Nombre 155;Apellido 155;Direccion 155;Telefono 155
Nombre 156;Apellido 156;Direccion 156;Telefono 156
Nombre 157;Apellido 157;Direccion 157;Telefono 157
Nombre 158;Apellido 158;Direccion 158;Telefono 158
Nombre 159;Apellido 159;Direccion 159;Telefono 159
Nombre 160;Apellido 160;Direccion 160;Telefono 160
Nombre 161;Apellido 161;Direccion 161;Telefono 161
Nombre 162;Apellido 162;Direccion 162;Telefono 162
Nombre 163;Apellido 163;Direccion 163;Telefono 163
Nombre 164;Apellido 164;Direccion 164;Telefono 164
Nombre 165;Apellido 165;Direccion 165;Telefono 165
Nombre 166;Apellido 166;Direccion 166;Telefono 166
Nombre 167;Apellido 167;Direccion 167;Telefono 167
Nombre 168;Apellido 168;Direccion 168;Telefono 168
Nombre 169;Apellido 169;Direccion 169;Telefono 169
Nombre 170;Apellido 170;Direccion 170;Telefono 170
Nombre 171;Apellido 171;Direccion 171;Telefono 171
Nombre 172;Apellido 172;Direccion 172;Telefono 172
Nombre 173;Apellido 173;Direccion 173;Telefono 173
Nombre 174;Apellido 174;Direccion 174;Telefono 174
Nombre 175;Apellido 175;Direccion 175;Telefono 175
Nombre 176;Apellido 176;Direccion 176;Telefono 176
Nombre 177;Apellido 177;Direccion 177;Telefono 177
Nombre 178;Apellido 178;Direccion 178;Telefono 178
Nombre 179;Apellido 179;Direccion 179;Telefono 179
Nombre 180;Apellido 180;Direccion 180;Telefono 180
Nombre 181;Apellido 181;Direccion 181;Telefono 181
Nombre 182;Apellido 182;Direccion 182;Telefono 182
Nombre 183;Apellido 183;Direccion 183;Telefono 183
Nombre 184;Apellido 184;Direccion 184;Telefono 184
Nombre 185;Apellido 185;Direccion 185;Telefono 185
Nombre 186;Apellido 186;Direccion 186;Telefono 186
Nombre 187;Apellido 187;Direccion 187;Telefono 187
Nombre 188;Apellido 188;Direccion 188;Telefono 188
Nombre 189;Apellido 189;Direccion 189;Telefono 189
Nombre 190;Apellido 190;Direccion 190;Telefono 190
Nombre 191;Apellido 191;Direccion 191;Telefono 191
Nombre 192;Apellido 192;Direccion 192;Telefono 192
Nombre 193;Apellido 193;Direccion 193;Telefono 193
Nombre 194;Apellido 194;Direccion 194;Telefono 194
Nombre 195;Apellido 195;Direccion 195;Telefono 195
Nombre 196;Apellido 196;Direccion 196;Telefono 196
Nombre 197;Apellido 197;Direccion 197;Telefono 197
Nombre 198;Apellido 198;Direccion 198;Telefono 198
Nombre 199;Apellido 199;Direccion 199;Telefono 199
Nombre 200;Apellido 200;Direccion 200;Telefono 200
Nombre 201;Apellido 201;Direccion 201;Telefono 201
Nombre 202;Apellido 202;Direccion 202;Telefono 202
Nombre 203;Apellido 203;Direccion 203;Telefono 203
Nombre 204;Apellido 204;Direccion 204;Telefono 204
Nombre 205;Apellido 205;Direccion 205;Telefono 205
Nombre 206;Apellido 206;Direccion 206;Telefono 206
Nombre 207;Apellido 207;Direccion 207;Telefono 207
Nombre 208;Apellido 208;Direccion 208;Telefono 208
Nombre 209;Apellido 209;Direccion 209;Telefono 209
Nombre 210;Apellido 210;Direccion 210;Telefono 210
Nombre 211;Apellido 211;Direccion 211;Telefono 211
Nombre 212;Apellido 212;Direccion 212;Telefono 212
Nombre 213;Apellido 213;Direccion 213;Telefono 213
Nombre 214;Apellido 214;Direccion 214;Telefono 214
Nombre 215;Apellido 215;Direccion 215;Telefono 215
Nombre 216;Apellido 216;Direccion 216;Telefono 216
Nombre 217;Apellido 217;Direccion 217;Telefono 217
Nombre 218;Apellido 218;Direccion 218;Telefono 218
Nombre 219;Apellido 219;Direccion 219;Telefono 219
Nombre 220;Apellido 220;Direccion 220;Telefono 220
Nombre 221;Apellido 221;Direccion 221;Telefono 221
Nombre 222;Apellido 222;Direccion 222;Telefono 222
Nombre 223;Apellido 223;Direccion 223;Telefono 223
Nombre 224;Apellido 224;Direccion 224;Telefono 224
Nombre 225;Apellido 225;Direccion 225;Telefono 225
Nombre 226;Apellido 226;Direccion 226;Telefono 226
Nombre 227;Apellido 227;Direccion 227;Telefono 227
Nombre 228;Apellido 228;Direccion 228;Telefono 228
Nombre 229;Apellido 229;Direccion 229;Telefono 229
Nombre 230;Apellido 230;Direccion 230;Telefono 230
Nombre 231;Apellido 231;Direccion 231;Telefono 231
Nombre 232;Apellido 232;Direccion 232;Telefono 232
Nombre 233;Apellido 233;Direccion 233;Telefono 233
Nombre 234;Apellido 234;Direccion 234;Telefono 234
Nombre 235;Apellido 235;Direccion 235;Telefono 235
Nombre 236;Apellido 236;Direccion 236;Telefono 236
Nombre 237;Apellido 237;Direccion 237;Telefono 237
Nombre 238;Apellido 238;Direccion 238;Telefono 238
Nombre 239;Apellido 239;Direccion 239;Telefono 239
Nombre 240;Apellido 240;Direccion 240;Telefono 240
Nombre 241;Apellido 241;Direccion 241;Telefono 241
Nombre 242;Apellido 242;Direccion 242;Telefono 242
Nombre 243;Apellido 243;Direccion 243;Telefono 243
Nombre 244;Apellido 244;Direccion 244;Telefono 244
Nombre 245;Apellido 245;Direccion 245;Telefono 245
Nombre 246;Apellido 246;Direccion 246;Telefono 246
Nombre 247;Apellido 247;Direccion 247;Telefono 247
Nombre 248;Apellido 248;Direccion 248;Telefono 248
Nombre 249;Apellido 249;Direccion 249;Telefono 249
Nombre 250;Apellido 250;Direccion 250;Telefono 250
Nombre 251;Apellido 251;Direccion 251;Telefono 251
Nombre 252;Apellido 252;Direccion 252;Telefono 252
Nombre 253;Apellido 253;Direccion 253;Telefono 253
Nombre 254;Apellido 254;Direccion 254;Telefono 254
Nombre 255;Apellido 255;Direccion 255;Telefono 255
Nombre 256;Apellido 256;Direccion 256;Telefono 256
Nombre 257;Apellido 257;Direccion 257;Telefono 257
Nombre 258;Apellido 258;Direccion 258;Telefono 258
Nombre 259;Apellido 259;Direccion 259;Telefono 259
Nombre 260;Apellido 260;Direccion 260;Telefono 260
Nombre 261;Apellido 261;Direccion 261;Telefono 261
Nombre 262;Apellido 262;Direccion 262;Telefono 262
Nombre 263;Apellido 263;Direccion 263;Telefono 263
Nombre 264;Apellido 264;Direccion 264;Telefono 264
Nombre 265;Apellido 265;Direccion 265;Telefono 265
Nombre 266;Apellido 266;Direccion 266;Telefono 266
Nombre 267;Apellido 267;Direccion 267;Telefono 267
Nombre 268;Apellido 268;Direccion 268;Telefono 268
Nombre 269;Apellido 269;Direccion 269;Telefono 269
Nombre 270;Apellido 270;Direccion 270;Telefono 270
Nombre 271;Apellido 271;Direccion 271;Telefono 271
Nombre 272;Apellido 272;Direccion 272;Telefono 272
Nombre 273;Apellido 273;Direccion 273;Telefono 273
Nombre 274;Apellido 274;Direccion 274;Telefono 274
Nombre 275;Apellido 275;Direccion 275;Telefono 275
Nombre 276;Apellido 276;Direccion 276;Telefono 276
Nombre 277;Apellido 277;Direccion 277;Telefono 277
Nombre 278;Apellido 278;Direccion 278;Telefono 278
Nombre 279;Apellido 279;Direccion 279;Telefono 279
Nombre 280;Apellido 280;Direccion 280;Telefono 280
Nombre 281;Apellido 281;Direccion 281;Telefono 281
Nombre 282;Apellido 282;Direccion 282;Telefono 282
Nombre 283;Apellido 283;Direccion 283;Telefono 283
Nombre 284;Apellido 284;Direccion 284;Telefono 284
Nombre 285;Apellido 285;Direccion 285;Telefono 285
Nombre 286;Apellido 286;Direccion 286;Telefono 286
Nombre 287;Apellido 287;Direccion 287;Telefono 287
Nombre 288;Apellido 288;Direccion 288;Telefono 288
Nombre 289;Apellido 289;Direccion 289;Telefono 289
Nombre 290;Apellido 290;Direccion 290;Telefono 290
Nombre 291;Apellido 291;Direccion 291;Telefono 291
Nombre 292;Apellido 292;Direccion 292;Telefono 292
Nombre 293;Apellido 293;Direccion 293;Telefono 293
Nombre 294;Apellido 294;Direccion 294;Telefono 294
Nombre 295;Apellido 295;Direccion 295;Telefono 295
Nombre 296;Apellido 296;Direccion 296;Telefono 296
Nombre 297;Apellido 297;Direccion 297;Telefono 297
Nombre 298;Apellido 298;Direccion 298;Telefono 298
Nombre 299;Apellido 299;Direccion 299;Telefono 299
Nombre 300;Apellido 300;Direccion 300;Telefono 300
Nombre 301;Apellido 301;Direccion 301;Telefono 301
Nombre 302;Apellido 302;Direccion 302;Telefono 302
Nombre 303;Apellido 303;Direccion 303;Telefono 303
Nombre 304;Apellido 304;Direccion 304;Telefono 304
Nombre 305;Apellido 305;Direccion 305;Telefono 305
Nombre 306;Apellido 306;Direccion 306;Telefono 306
Nombre 307;Apellido 307;Direccion 307;Telefono 307
Nombre 308;Apellido 308;Direccion 308;Telefono 308
Nombre 309;Apellido 309;Direccion 309;Telefono 309
Nombre 310;Apellido 310;Direccion 310;Telefono 310
Nombre 311;Apellido 311;Direccion 311;Telefono 311
Nombre 312;Apellido 312;Direccion 312;Telefono 312
Nombre 313;Apellido 313;Direccion 313;Telefono 313
Nombre 314;Apellido 314;Direccion 314;Telefono 314
Nombre 315;Apellido 315;Direccion 315;Telefono 315
Nombre 316;Apellido 316;Direccion 316;Telefono 316
Nombre 317;Apellido 317;Direccion 317;Telefono 317
Nombre 318;Apellido 318;Direccion 318;Telefono 318
Nombre 319;Apellido 319;Direccion 319;Telefono 319
Nombre 320;Apellido 320;Direccion 320;Telefono 320
Nombre 321;Apellido 321;Direccion 321;Telefono 321
Nombre 322;Apellido 322;Direccion 322;Telefono 322
Nombre 323;Apellido 323;Direccion 323;Telefono 323
Nombre 324;Apellido 324;Direccion 324;Telefono 324
Nombre 325;Apellido 325;Direccion 325;Telefono 325
Nombre 326;Apellido 326;Direccion 326;Telefono 326
Nombre 327;Apellido 327;Direccion 327;Telefono 327
Nombre 328;Apellido 328;Direccion 328;Telefono 328
Nombre 329;Apellido 329;Direccion 329;Telefono 329
Nombre 330;Apellido 330;Direccion 330;Telefono 330
Nombre 331;Apellido 331;Direccion 331;Telefono 331
Nombre 332;Apellido 332;Direccion 332;Telefono 332
Nombre 333;Apellido 333;Direccion 333;Telefono 333
Nombre 334;Apellido 334;Direccion 334;Telefono 334
Nombre 335;Apellido 335;Direccion 335;Telefono 335
Nombre 336;Apellido 336;Direccion 336;Telefono 336
Nombre 337;Apellido 337;Direccion 337;Telefono 337
Nombre 338;Apellido 338;Direccion 338;Telefono 338
Nombre 339;Apellido 339;Direccion 339;Telefono 339
Nombre 340;Apellido 340;Direccion 340;Telefono 340
Nombre 341;Apellido 341;Direccion 341;Telefono 341
Nombre 342;Apellido 342;Direccion 342;Telefono 342
Nombre 343;Apellido 343;Direccion 343;Telefono 343
Nombre 344;Apellido 344;Direccion 344;Telefono 344
Nombre 345;Apellido 345;Direccion 345;Telefono 345
Nombre 346;Apellido 346;Direccion 346;Telefono 346
Nombre 347;Apellido 347;Direccion 347;Telefono 347
Nombre 348;Apellido 348;Direccion 348;Telefono 348
Nombre 349;Apellido 349;Direccion 349;Telefono 349
Nombre 350;Apellido 350;Direccion 350;Telefono 350
Nombre 351;Apellido 351;Direccion 351;Telefono 351
Nombre 352;Apellido 352;Direccion 352;Telefono 352
Nombre 353;Apellido 353;Direccion 353;Telefono 353
Nombre 354;Apellido 354;Direccion 354;Telefono 354
Nombre 355;Apellido 355;Direccion 355;Telefono 355
Nombre 356;Apellido 356;Direccion 356;Telefono 356
Nombre 357;Apellido 357;Direccion 357;Telefono 357
Nombre 358;Apellido 358;Direccion 358;Telefono 358
Nombre 359;Apellido 359;Direccion 359;Telefono 359
Nombre 360;Apellido 360;Direccion 360;Telefono 360
Nombre 361;Apellido 361;Direccion 361;Telefono 361
Nombre 362;Apellido 362;Direccion 362;Telefono 362
Nombre 363;Apellido 363;Direccion 363;Telefono 363
Nombre 364;Apellido 364;Direccion 364;Telefono 364
Nombre 365;Apellido 365;Direccion 365;Telefono 365
Nombre 366;Apellido 366;Direccion 366;Telefono 366
Nombre 367;Apellido 367;Direccion 367;Telefono 367
Nombre 368;Apellido 368;Direccion 368;Telefono 368
Nombre 369;Apellido 369;Direccion 369;Telefono 369
Nombre 370;Apellido 370;Direccion 370;Telefono 370
Nombre 371;Apellido 371;Direccion 371;Telefono 371
Nombre 372;Apellido 372;Direccion 372;Telefono 372
Nombre 373;Apellido 373;Direccion 373;Telefono 373
Nombre 374;Apellido 374;Direccion 374;Telefono 374
Nombre 375;Apellido 375;Direccion 375;Telefono 375
Nombre 376;Apellido 376;Direccion 376;Telefono 376
Nombre 377;Apellido 377;Direccion 377;Telefono 377
Nombre 378;Apellido 378;Direccion 378;Telefono 378
Nombre 379;Apellido 379;Direccion 379;Telefono 379
Nombre 380;Apellido 380;Direccion 380;Telefono 380
Nombre 381;Apellido 381;Direccion 381;Telefono 381
Nombre 382;Apellido 382;Direccion 382;Telefono 382
Nombre 383;Apellido 383;Direccion 383;Telefono 383
Nombre 384;Apellido 384;Direccion 384;Telefono 384
Nombre 385;Apellido 385;Direccion 385;Telefono 385
Nombre 386;Apellido 386;Direccion 386;Telefono 386
Nombre 387;Apellido 387;Direccion 387;Telefono 387
Nombre 388;Apellido 388;Direccion 388;Telefono 388
Nombre 389;Apellido 389;Direccion 389;Telefono 389
Nombre 390;Apellido 390;Direccion 390;Telefono 390
Nombre 391;Apellido 391;Direccion 391;Telefono 391
Nombre 392;Apellido 392;Direccion 392;Telefono 392
Nombre 393;Apellido 393;Direccion 393;Telefono 393
Nombre 394;Apellido 394;Direccion 394;Telefono 394
Nombre 395;Apellido 395;Direccion 395;Telefono 395
Nombre 396;Apellido 396;Direccion 396;Telefono 396
Nombre 397;Apellido 397;Direccion 397;Telefono 397
Nombre 398;Apellido 398;Direccion 398;Telefono 398
Nombre 399;Apellido 399;Direccion 399;Telefono 399
Nombre 400;Apellido 400;Direccion 400;Telefono 400
Nombre 401;Apellido 401;Direccion 401;Telefono 401
Nombre 402;Apellido 402;Direccion 402;Telefono 402
Nombre 403;Apellido 403;Direccion 403;Telefono 403
Nombre 404;Apellido 404;Direccion 404;Telefono 404
Nombre 405;Apellido 405;Direccion 405;Telefono 405
Nombre 406;Apellido 406;Direccion 406;Telefono 406
Nombre 407;Apellido 407;Direccion 407;Telefono 407
Nombre 408;Apellido 408;Direccion 408;Telefono 408
Nombre 409;Apellido 409;Direccion 409;Telefono 409
Nombre 410;Apellido 410;Direccion 410;Telefono 410
Nombre 411;Apellido 411;Direccion 411;Telefono 411
Nombre 412;Apellido 412;Direccion 412;Telefono 412
Nombre 413;Apellido 413;Direccion 413;Telefono 413
Nombre 414;Apellido 414;Direccion 414;Telefono 414
Nombre 415;Apellido 415;Direccion 415;Telefono 415
Nombre 416;Apellido 416;Direccion 416;Telefono 416
Nombre 417;Apellido 417;Direccion 417;Telefono 417
Nombre 418;Apellido 418;Direccion 418;Telefono 418
Nombre 419;Apellido 419;Direccion 419;Telefono 419
Nombre 420;Apellido 420;Direccion 420;Telefono 420
Nombre 421;Apellido 421;Direccion 421;Telefono 421
Nombre 422;Apellido 422;Direccion 422;Telefono 422
Nombre 423;Apellido 423;Direccion 423;Telefono 423
Nombre 424;Apellido 424;Direccion 424;Telefono 424
Nombre 425;Apellido 425;Direccion 425;Telefono 425
Nombre 426;Apellido 426;Direccion 426;Telefono 426
Nombre 427;Apellido 427;Direccion 427;Telefono 427
Nombre 428;Apellido 428;Direccion 428;Telefono 428
Nombre 429;Apellido 429;Direccion 429;Telefono 429
Nombre 430;Apellido 430;Direccion 430;Telefono 430
Nombre 431;Apellido 431;Direccion 431;Telefono 431
Nombre 432;Apellido 432;Direccion 432;Telefono 432
Nombre 433;Apellido 433;Direccion 433;Telefono 433
Nombre 434;Apellido 434;Direccion 434;Telefono 434
Nombre 435;Apellido 435;Direccion 435;Telefono 435
Nombre 436;Apellido 436;Direccion 436;Telefono 436
Nombre 437;Apellido 437;Direccion 437;Telefono 437
Nombre 438;Apellido 438;Direccion 438;Telefono 438
Nombre 439;Apellido 439;Direccion 439;Telefono 439
Nombre 440;Apellido 440;Direccion 440;Telefono 440
Nombre 441;Apellido 441;Direccion 441;Telefono 441
Nombre 442;Apellido 442;Direccion 442;Telefono 442
Nombre 443;Apellido 443;Direccion 443;Telefono 443
Nombre 444;Apellido 444;Direccion 444;Telefono 444
Nombre 445;Apellido 445;Direccion 445;Telefono 445
Nombre 446;Apellido 446;Direccion 446;Telefono 446
Nombre 447;Apellido 447;Direccion 447;Telefono 447
Nombre 448;Apellido 448;Direccion 448;Telefono 448
Nombre 449;Apellido 449;Direccion 449;Telefono 449
Nombre 450;Apellido 450;Direccion 450;Telefono 450
Nombre 451;Apellido 451;Direccion 451;Telefono 451
Nombre 452;Apellido 452;Direccion 452;Telefono 452
Nombre 453;Apellido 453;Direccion 453;Telefono 453
Nombre 454;Apellido 454;Direccion 454;Telefono 454
Nombre 455;Apellido 455;Direccion 455;Telefono 455
Nombre 456;Apellido 456;Direccion 456;Telefono 456
Nombre 457;Apellido 457;Direccion 457;Telefono 457
Nombre 458;Apellido 458;Direccion 458;Telefono 458
Nombre 459;Apellido 459;Direccion 459;Telefono 459
Nombre 460;Apellido 460;Direccion 460;Telefono 460
Nombre 461;Apellido 461;Direccion 461;Telefono 461
Nombre 462;Apellido 462;Direccion 462;Telefono 462
Nombre 463;Apellido 463;Direccion 463;Telefono 463
Nombre 464;Apellido 464;Direccion 464;Telefono 464
Nombre 465;Apellido 465;Direccion 465;Telefono 465
Nombre 466;Apellido 466;Direccion 466;Telefono 466
Nombre 467;Apellido 467;Direccion 467;Telefono 467
Nombre 468;Apellido 468;Direccion 468;Telefono 468
Nombre 469;Apellido 469;Direccion 469;Telefono 469
Nombre 470;Apellido 470;Direccion 470;Telefono 470
Nombre 471;Apellido 471;Direccion 471;Telefono 471
Nombre 472;Apellido 472;Direccion 472;Telefono 472
Nombre 473;Apellido 473;Direccion 473;Telefono 473
Nombre 474;Apellido 474;Direccion 474;Telefono 474
Nombre 475;Apellido 475;Direccion 475;Telefono 475
Nombre 476;Apellido 476;Direccion 476;Telefono 476
Nombre 477;Apellido 477;Direccion 477;Telefono 477
Nombre 478;Apellido 478;Direccion 478;Telefono 478
Nombre 479;Apellido 479;Direccion 479;Telefono 479
Nombre 480;Apellido 480;Direccion 480;Telefono 480
Nombre 481;Apellido 481;Direccion 481;Telefono 481
Nombre 482;Apellido 482;Direccion 482;Telefono 482
Nombre 483;Apellido 483;Direccion 483;Telefono 483
Nombre 484;Apellido 484;Direccion 484;Telefono 484
Nombre 485;Apellido 485;Direccion 485;Telefono 485
Nombre 486;Apellido 486;Direccion 486;Telefono 486
Nombre 487;Apellido 487;Direccion 487;Telefono 487
Nombre 488;Apellido 488;Direccion 488;Telefono 488
Nombre 489;Apellido 489;Direccion 489;Telefono 489
Nombre 490;Apellido 490;Direccion 490;Telefono 490
Nombre 491;Apellido 491;Direccion 491;Telefono 491
Nombre 492;Apellido 492;Direccion 492;Telefono 492
Nombre 493;Apellido 493;Direccion 493;Telefono 493
Nombre 494;Apellido 494;Direccion 494;Telefono 494
Nombre 495;Apellido 495;Direccion 495;Telefono 495
Nombre 496;Apellido 496;Direccion 496;Telefono 496
Nombre 497;Apellido 497;Direccion 497;Telefono 497
Nombre 498;Apellido 498;Direccion 498;Telefono 498
Nombre 499;Apellido 499;Direccion 499;Telefono 499
Nombre 500;Apellido 500;Direccion 500;Telefono 500
Nombre 501;Apellido 501;Direccion 501;Telefono 501
Nombre 502;Apellido 502;Direccion 502;Telefono 502
Nombre 503;Apellido 503;Direccion 503;Telefono 503
Nombre 504;Apellido 504;Direccion 504;Telefono 504
Nombre 505;Apellido 505;Direccion 505;Telefono 505
Nombre 506;Apellido 506;Direccion 506;Telefono 506
Nombre 507;Apellido 507;Direccion 507;Telefono 507
Nombre 508;Apellido 508;Direccion 508;Telefono 508
Nombre 509;Apellido 509;Direccion 509;Telefono 509
Nombre 510;Apellido 510;Direccion 510;Telefono 510
Nombre 511;Apellido 511;Direccion 511;Telefono 511
Nombre 512;Apellido 512;Direccion 512;Telefono 512
Nombre 513;Apellido 513;Direccion 513;Telefono 513
Nombre 514;Apellido 514;Direccion 514;Telefono 514
Nombre 515;Apellido 515;Direccion 515;Telefono 515
Nombre 516;Apellido 516;Direccion 516;Telefono 516
Nombre 517;Apellido 517;Direccion 517;Telefono 517
Nombre 518;Apellido 518;Direccion 518;Telefono 518
Nombre 519;Apellido 519;Direccion 519;Telefono 519
Nombre 520;Apellido 520;Direccion 520;Telefono 520
Nombre 521;Apellido 521;Direccion 521;Telefono 521
Nombre 522;Apellido 522;Direccion 522;Telefono 522
Nombre 523;Apellido 523;Direccion 523;Telefono 523
Nombre 524;Apellido 524;Direccion 524;Telefono 524
Nombre 525;Apellido 525;Direccion 525;Telefono 525
Nombre 526;Apellido 526;Direccion 526;Telefono 526
Nombre 527;Apellido 527;Direccion 527;Telefono 527
Nombre 528;Apellido 528;Direccion 528;Telefono 528
Nombre 529;Apellido 529;Direccion 529;Telefono 529
Nombre 530;Apellido 530;Direccion 530;Telefono 530
Nombre 531;Apellido 531;Direccion 531;Telefono 531
Nombre 532;Apellido 532;Direccion 532;Telefono 532
Nombre 533;Apellido 533;Direccion 533;Telefono 533
Nombre 534;Apellido 534;Direccion 534;Telefono 534
Nombre 535;Apellido 535;Direccion 535;Telefono 535
Nombre 536;Apellido 536;Direccion 536;Telefono 536
Nombre 537;Apellido 537;Direccion 537;Telefono 537
Nombre 538;Apellido 538;Direccion 538;Telefono 538
Nombre 539;Apellido 539;Direccion 539;Telefono 539
Nombre 540;Apellido 540;Direccion 540;Telefono 540
Nombre 541;Apellido 541;Direccion 541;Telefono 541
Nombre 542;Apellido 542;Direccion 542;Telefono 542
Nombre 543;Apellido 543;Direccion 543;Telefono 543
Nombre 544;Apellido 544;Direccion 544;Telefono 544
Nombre 545;Apellido 545;Direccion 545;Telefono 545
Nombre 546;Apellido 546;Direccion 546;Telefono 546
Nombre 547;Apellido 547;Direccion 547;Telefono 547
Nombre 548;Apellido 548;Direccion 548;Telefono 548
Nombre 549;Apellido 549;Direccion 549;Telefono 549
Nombre 550;Apellido 550;Direccion 550;Telefono 550
Nombre 551;Apellido 551;Direccion 551;Telefono 551
Nombre 552;Apellido 552;Direccion 552;Telefono 552
Nombre 553;Apellido 553;Direccion 553;Telefono 553
Nombre 554;Apellido 554;Direccion 554;Telefono 554
Nombre 555;Apellido 555;Direccion 555;Telefono 555
Nombre 556;Apellido 556;Direccion 556;Telefono 556
Nombre 557;Apellido 557;Direccion 557;Telefono 557
Nombre 558;Apellido 558;Direccion 558;Telefono 558
Nombre 559;Apellido 559;Direccion 559;Telefono 559
Nombre 560;Apellido 560;Direccion 560;Telefono 560
Nombre 561;Apellido 561;Direccion 561;Telefono 561
Nombre 562;Apellido 562;Direccion 562;Telefono 562
Nombre 563;Apellido 563;Direccion 563;Telefono 563
Nombre 564;Apellido 564;Direccion 564;Telefono 564
Nombre 565;Apellido 565;Direccion 565;Telefono 565
Nombre 566;Apellido 566;Direccion 566;Telefono 566
Nombre 567;Apellido 567;Direccion 567;Telefono 567
Nombre 568;Apellido 568;Direccion 568;Telefono 568
Nombre 569;Apellido 569;Direccion 569;Telefono 569
Nombre 570;Apellido 570;Direccion 570;Telefono 570
Nombre 571;Apellido 571;Direccion 571;Telefono 571
Nombre 572;Apellido 572;Direccion 572;Telefono 572
Nombre 573;Apellido 573;Direccion 573;Telefono 573
Nombre 574;Apellido 574;Direccion 574;Telefono 574
Nombre 575;Apellido 575;Direccion 575;Telefono 575
Nombre 576;Apellido 576;Direccion 576;Telefono 576
Nombre 577;Apellido 577;Direccion 577;Telefono 577
Nombre 578;Apellido 578;Direccion 578;Telefono 578
Nombre 579;Apellido 579;Direccion 579;Telefono 579
Nombre 580;Apellido 580;Direccion 580;Telefono 580
Nombre 581;Apellido 581;Direccion 581;Telefono 581
Nombre 582;Apellido 582;Direccion 582;Telefono 582
Nombre 583;Apellido 583;Direccion 583;Telefono 583
Nombre 584;Apellido 584;Direccion 584;Telefono 584
Nombre 585;Apellido 585;Direccion 585;Telefono 585
Nombre 586;Apellido 586;Direccion 586;Telefono 586
Nombre 587;Apellido 587;Direccion 587;Telefono 587
Nombre 588;Apellido 588;Direccion 588;Telefono 588
Nombre 589;Apellido 589;Direccion 589;Telefono 589
Nombre 590;Apellido 590;Direccion 590;Telefono 590
Nombre 591;Apellido 591;Direccion 591;Telefono 591
Nombre 592;Apellido 592;Direccion 592;Telefono 592
Nombre 593;Apellido 593;Direccion 593;Telefono 593
Nombre 594;Apellido 594;Direccion 594;Telefono 594
Nombre 595;Apellido 595;Direccion 595;Telefono 595
Nombre 596;Apellido 596;Direccion 596;Telefono 596
Nombre 597;Apellido 597;Direccion 597;Telefono 597
Nombre 598;Apellido 598;Direccion 598;Telefono 598
Nombre 599;Apellido 599;Direccion 599;Telefono 599
Nombre 600;Apellido 600;Direccion 600;Telefono 600
Nombre 601;Apellido 601;Direccion 601;Telefono 601
Nombre 602;Apellido 602;Direccion 602;Telefono 602
Nombre 603;Apellido 603;Direccion 603;Telefono 603
Nombre 604;Apellido 604;Direccion 604;Telefono 604
Nombre 605;Apellido 605;Direccion 605;Telefono 605
Nombre 606;Apellido 606;Direccion 606;Telefono 606
Nombre 607;Apellido 607;Direccion 607;Telefono 607
Nombre 608;Apellido 608;Direccion 608;Telefono 608
Nombre 609;Apellido 609;Direccion 609;Telefono 609
Nombre 610;Apellido 610;Direccion 610;Telefono 610
Nombre 611;Apellido 611;Direccion 611;Telefono 611
Nombre 612;Apellido 612;Direccion 612;Telefono 612
Nombre 613;Apellido 613;Direccion 613;Telefono 613
Nombre 614;Apellido 614;Direccion 614;Telefono 614
Nombre 615;Apellido 615;Direccion 615;Telefono 615
Nombre 616;Apellido 616;Direccion 616;Telefono 616
Nombre 617;Apellido 617;Direccion 617;Telefono 617
Nombre 618;Apellido 618;Direccion 618;Telefono 618
Nombre 619;Apellido 619;Direccion 619;Telefono 619
Nombre 620;Apellido 620;Direccion 620;Telefono 620
Nombre 621;Apellido 621;Direccion 621;Telefono 621
Nombre 622;Apellido 622;Direccion 622;Telefono 622
Nombre 623;Apellido 623;Direccion 623;Telefono 623
Nombre 624;Apellido 624;Direccion 624;Telefono 624
Nombre 625;Apellido 625;Direccion 625;Telefono 625
Nombre 626;Apellido 626;Direccion 626;Telefono 626
Nombre 627;Apellido 627;Direccion 627;Telefono 627
Nombre 628;Apellido 628;Direccion 628;Telefono 628
Nombre 629;Apellido 629;Direccion 629;Telefono 629
Nombre 630;Apellido 630;Direccion 630;Telefono 630
Nombre 631;Apellido 631;Direccion 631;Telefono 631
Nombre 632;Apellido 632;Direccion 632;Telefono 632
Nombre 633;Apellido 633;Direccion 633;Telefono 633
Nombre 634;Apellido 634;Direccion 634;Telefono 634
Nombre 635;Apellido 635;Direccion 635;Telefono 635
Nombre 636;Apellido 636;Direccion 636;Telefono 636
Nombre 637;Apellido 637;Direccion 637;Telefono 637
Nombre 638;Apellido 638;Direccion 638;Telefono 638
Nombre 639;Apellido 639;Direccion 639;Telefono 639
Nombre 640;Apellido 640;Direccion 640;Telefono 640
Nombre 641;Apellido 641;Direccion 641;Telefono 641
Nombre 642;Apellido 642;Direccion 642;Telefono 642
Nombre 643;Apellido 643;Direccion 643;Telefono 643
Nombre 644;Apellido 644;Direccion 644;Telefono 644
Nombre 645;Apellido 645;Direccion 645;Telefono 645
Nombre 646;Apellido 646;Direccion 646;Telefono 646
Nombre 647;Apellido 647;Direccion 647;Telefono 647
Nombre 648;Apellido 648;Direccion 648;Telefono 648
Nombre 649;Apellido 649;Direccion 649;Telefono 649
Nombre 650;Apellido 650;Direccion 650;Telefono 650
Nombre 651;Apellido 651;Direccion 651;Telefono 651
Nombre 652;Apellido 652;Direccion 652;Telefono 652
Nombre 653;Apellido 653;Direccion 653;Telefono 653
Nombre 654;Apellido 654;Direccion 654;Telefono 654
Nombre 655;Apellido 655;Direccion 655;Telefono 655
Nombre 656;Apellido 656;Direccion 656;Telefono 656
Nombre 657;Apellido 657;Direccion 657;Telefono 657
Nombre 658;Apellido 658;Direccion 658;Telefono 658
Nombre 659;Apellido 659;Direccion 659;Telefono 659
Nombre 660;Apellido 660;Direccion 660;Telefono 660
Nombre 661;Apellido 661;Direccion 661;Telefono 661
Nombre 662;Apellido 662;Direccion 662;Telefono 662
Nombre 663;Apellido 663;Direccion 663;Telefono 663
Nombre 664;Apellido 664;Direccion 664;Telefono 664
Nombre 665;Apellido 665;Direccion 665;Telefono 665
Nombre 666;Apellido 666;Direccion 666;Telefono 666
Nombre 667;Apellido 667;Direccion 667;Telefono 667
Nombre 668;Apellido 668;Direccion 668;Telefono 668
Nombre 669;Apellido 669;Direccion 669;Telefono 669
Nombre 670;Apellido 670;Direccion 670;Telefono 670
Nombre 671;Apellido 671;Direccion 671;Telefono 671
Nombre 672;Apellido 672;Direccion 672;Telefono 672
Nombre 673;Apellido 673;Direccion 673;Telefono 673
Nombre 674;Apellido 674;Direccion 674;Telefono 674
Nombre 675;Apellido 675;Direccion 675;Telefono 675
Nombre 676;Apellido 676;Direccion 676;Telefono 676
Nombre 677;Apellido 677;Direccion 677;Telefono 677
Nombre 678;Apellido 678;Direccion 678;Telefono 678
Nombre 679;Apellido 679;Direccion 679;Telefono 679
Nombre 680;Apellido 680;Direccion 680;Telefono 680
Nombre 681;Apellido 681;Direccion 681;Telefono 681
Nombre 682;Apellido 682;Direccion 682;Telefono 682
Nombre 683;Apellido 683;Direccion 683;Telefono 683
Nombre 684;Apellido 684;Direccion 684;Telefono 684
Nombre 685;Apellido 685;Direccion 685;Telefono 685
Nombre 686;Apellido 686;Direccion 686;Telefono 686
Nombre 687;Apellido 687;Direccion 687;Telefono 687
Nombre 688;Apellido 688;Direccion 688;Telefono 688
Nombre 689;Apellido 689;Direccion 689;Telefono 689
Nombre 690;Apellido 690;Direccion 690;Telefono 690
Nombre 691;Apellido 691;Direccion 691;Telefono 691
Nombre 692;Apellido 692;Direccion 692;Telefono 692
Nombre 693;Apellido 693;Direccion 693;Telefono 693
Nombre 694;Apellido 694;Direccion 694;Telefono 694
Nombre 695;Apellido 695;Direccion 695;Telefono 695
Nombre 696;Apellido 696;Direccion 696;Telefono 696
Nombre 697;Apellido 697;Direccion 697;Telefono 697
Nombre 698;Apellido 698;Direccion 698;Telefono 698
Nombre 699;Apellido 699;Direccion 699;Telefono 699
Nombre 700;Apellido 700;Direccion 700;Telefono 700
Nombre 701;Apellido 701;Direccion 701;Telefono 701
Nombre 702;Apellido 702;Direccion 702;Telefono 702
Nombre 703;Apellido 703;Direccion 703;Telefono 703
Nombre 704;Apellido 704;Direccion 704;Telefono 704
Nombre 705;Apellido 705;Direccion 705;Telefono 705
Nombre 706;Apellido 706;Direccion 706;Telefono 706
Nombre 707;Apellido 707;Direccion 707;Telefono 707
Nombre 708;Apellido 708;Direccion 708;Telefono 708
Nombre 709;Apellido 709;Direccion 709;Telefono 709
Nombre 710;Apellido 710;Direccion 710;Telefono 710
Nombre 711;Apellido 711;Direccion 711;Telefono 711
Nombre 712;Apellido 712;Direccion 712;Telefono 712
Nombre 713;Apellido 713;Direccion 713;Telefono 713
Nombre 714;Apellido 714;Direccion 714;Telefono 714
Nombre 715;Apellido 715;Direccion 715;Telefono 715
Nombre 716;Apellido 716;Direccion 716;Telefono 716
Nombre 717;Apellido 717;Direccion 717;Telefono 717
Nombre 718;Apellido 718;Direccion 718;Telefono 718
Nombre 719;Apellido 719;Direccion 719;Telefono 719
Nombre 720;Apellido 720;Direccion 720;Telefono 720
Nombre 721;Apellido 721;Direccion 721;Telefono 721
Nombre 722;Apellido 722;Direccion 722;Telefono 722
Nombre 723;Apellido 723;Direccion 723;Telefono 723
Nombre 724;Apellido 724;Direccion 724;Telefono 724
Nombre 725;Apellido 725;Direccion 725;Telefono 725
Nombre 726;Apellido 726;Direccion 726;Telefono 726
Nombre 727;Apellido 727;Direccion 727;Telefono 727
Nombre 728;Apellido 728;Direccion 728;Telefono 728
Nombre 729;Apellido 729;Direccion 729;Telefono 729
Nombre 730;Apellido 730;Direccion 730;Telefono 730
Nombre 731;Apellido 731;Direccion 731;Telefono 731
Nombre 732;Apellido 732;Direccion 732;Telefono 732
Nombre 733;Apellido 733;Direccion 733;Telefono 733
Nombre 734;Apellido 734;Direccion 734;Telefono 734
Nombre 735;Apellido 735;Direccion 735;Telefono 735
Nombre 736;Apellido 736;Direccion 736;Telefono 736
Nombre 737;Apellido 737;Direccion 737;Telefono 737
Nombre 738;Apellido 738;Direccion 738;Telefono 738
Nombre 739;Apellido 739;Direccion 739;Telefono 739
Nombre 740;Apellido 740;Direccion 740;Telefono 740
Nombre 741;Apellido 741;Direccion 741;Telefono 741
Nombre 742;Apellido 742;Direccion 742;Telefono 742
Nombre 743;Apellido 743;Direccion 743;Telefono 743
Nombre 744;Apellido 744;Direccion 744;Telefono 744
Nombre 745;Apellido 745;Direccion 745;Telefono 745
Nombre 746;Apellido 746;Direccion 746;Telefono 746
Nombre 747;Apellido 747;Direccion 747;Telefono 747
Nombre 748;Apellido 748;Direccion 748;Telefono 748
Nombre 749;Apellido 749;Direccion 749;Telefono 749
Nombre 750;Apellido 750;Direccion 750;Telefono 750
Nombre 751;Apellido 751;Direccion 751;Telefono 751
Nombre 752;Apellido 752;Direccion 752;Telefono 752
Nombre 753;Apellido 753;Direccion 753;Telefono 753
Nombre 754;Apellido 754;Direccion 754;Telefono 754
Nombre 755;Apellido 755;Direccion 755;Telefono 755
Nombre 756;Apellido 756;Direccion 756;Telefono 756
Nombre 757;Apellido 757;Direccion 757;Telefono 757
Nombre 758;Apellido 758;Direccion 758;Telefono 758
Nombre 759;Apellido 759;Direccion 759;Telefono 759
Nombre 760;Apellido 760;Direccion 760;Telefono 760
Nombre 761;Apellido 761;Direccion 761;Telefono 761
Nombre 762;Apellido 762;Direccion 762;Telefono 762
Nombre 763;Apellido 763;Direccion 763;Telefono 763
Nombre 764;Apellido 764;Direccion 764;Telefono 764
Nombre 765;Apellido 765;Direccion 765;Telefono 765
Nombre 766;Apellido 766;Direccion 766;Telefono 766
Nombre 767;Apellido 767;Direccion 767;Telefono 767
Nombre 768;Apellido 768;Direccion 768;Telefono 768
Nombre 769;Apellido 769;Direccion 769;Telefono 769
Nombre 770;Apellido 770;Direccion 770;Telefono 770
Nombre 771;Apellido 771;Direccion 771;Telefono 771
Nombre 772;Apellido 772;Direccion 772;Telefono 772
Nombre 773;Apellido 773;Direccion 773;Telefono 773
Nombre 774;Apellido 774;Direccion 774;Telefono 774
Nombre 775;Apellido 775;Direccion 775;Telefono 775
Nombre 776;Apellido 776;Direccion 776;Telefono 776
Nombre 777;Apellido 777;Direccion 777;Telefono 777
Nombre 778;Apellido 778;Direccion 778;Telefono 778
Nombre 779;Apellido 779;Direccion 779;Telefono 779
Nombre 780;Apellido 780;Direccion 780;Telefono 780
Nombre 781;Apellido 781;Direccion 781;Telefono 781
Nombre 782;Apellido 782;Direccion 782;Telefono 782
Nombre 783;Apellido 783;Direccion 783;Telefono 783
Nombre 784;Apellido 784;Direccion 784;Telefono 784
Nombre 785;Apellido 785;Direccion 785;Telefono 785
Nombre 786;Apellido 786;Direccion 786;Telefono 786
Nombre 787;Apellido 787;Direccion 787;Telefono 787
Nombre 788;Apellido 788;Direccion 788;Telefono 788
Nombre 789;Apellido 789;Direccion 789;Telefono 789
Nombre 790;Apellido 790;Direccion 790;Telefono 790
Nombre 791;Apellido 791;Direccion 791;Telefono 791
Nombre 792;Apellido 792;Direccion 792;Telefono 792
Nombre 793;Apellido 793;Direccion 793;Telefono 793
Nombre 794;Apellido 794;Direccion 794;Telefono 794
Nombre 795;Apellido 795;Direccion 795;Telefono 795
Nombre 796;Apellido 796;Direccion 796;Telefono 796
Nombre 797;Apellido 797;Direccion 797;Telefono 797
Nombre 798;Apellido 798;Direccion 798;Telefono 798
Nombre 799;Apellido 799;Direccion 799;Telefono 799
Nombre 800;Apellido 800;Direccion 800;Telefono 800
Nombre 801;Apellido 801;Direccion 801;Telefono 801
Nombre 802;Apellido 802;Direccion 802;Telefono 802
Nombre 803;Apellido 803;Direccion 803;Telefono 803
Nombre 804;Apellido 804;Direccion 804;Telefono 804
Nombre 805;Apellido 805;Direccion 805;Telefono 805
Nombre 806;Apellido 806;Direccion 806;Telefono 806
Nombre 807;Apellido 807;Direccion 807;Telefono 807
Nombre 808;Apellido 808;Direccion 808;Telefono 808
Nombre 809;Apellido 809;Direccion 809;Telefono 809
Nombre 810;Apellido 810;Direccion 810;Telefono 810
Nombre 811;Apellido 811;Direccion 811;Telefono 811
Nombre 812;Apellido 812;Direccion 812;Telefono 812
Nombre 813;Apellido 813;Direccion 813;Telefono 813
Nombre 814;Apellido 814;Direccion 814;Telefono 814
Nombre 815;Apellido 815;Direccion 815;Telefono 815
Nombre 816;Apellido 816;Direccion 816;Telefono 816
Nombre 817;Apellido 817;Direccion 817;Telefono 817
Nombre 818;Apellido 818;Direccion 818;Telefono 818
Nombre 819;Apellido 819;Direccion 819;Telefono 819
Nombre 820;Apellido 820;Direccion 820;Telefono 820
Nombre 821;Apellido 821;Direccion 821;Telefono 821
Nombre 822;Apellido 822;Direccion 822;Telefono 822
Nombre 823;Apellido 823;Direccion 823;Telefono 823
Nombre 824;Apellido 824;Direccion 824;Telefono 824
Nombre 825;Apellido 825;Direccion 825;Telefono 825
Nombre 826;Apellido 826;Direccion 826;Telefono 826
Nombre 827;Apellido 827;Direccion 827;Telefono 827
Nombre 828;Apellido 828;Direccion 828;Telefono 828
Nombre 829;Apellido 829;Direccion 829;Telefono 829
Nombre 830;Apellido 830;Direccion 830;Telefono 830
Nombre 831;Apellido 831;Direccion 831;Telefono 831
Nombre 832;Apellido 832;Direccion 832;Telefono 832
Nombre 833;Apellido 833;Direccion 833;Telefono 833
Nombre 834;Apellido 834;Direccion 834;Telefono 834
Nombre 835;Apellido 835;Direccion 835;Telefono 835
Nombre 836;Apellido 836;Direccion 836;Telefono 836
Nombre 837;Apellido 837;Direccion 837;Telefono 837
Nombre 838;Apellido 838;Direccion 838;Telefono 838
Nombre 839;Apellido 839;Direccion 839;Telefono 839
Nombre 840;Apellido 840;Direccion 840;Telefono 840
Nombre 841;Apellido 841;Direccion 841;Telefono 841
Nombre 842;Apellido 842;Direccion 842;Telefono 842
Nombre 843;Apellido 843;Direccion 843;Telefono 843
Nombre 844;Apellido 844;Direccion 844;Telefono 844
Nombre 845;Apellido 845;Direccion 845;Telefono 845
Nombre 846;Apellido 846;Direccion 846;Telefono 846
Nombre 847;Apellido 847;Direccion 847;Telefono 847
Nombre 848;Apellido 848;Direccion 848;Telefono 848
Nombre 849;Apellido 849;Direccion 849;Telefono 849
Nombre 850;Apellido 850;Direccion 850;Telefono 850
Nombre 851;Apellido 851;Direccion 851;Telefono 851
Nombre 852;Apellido 852;Direccion 852;Telefono 852
Nombre 853;Apellido 853;Direccion 853;Telefono 853
Nombre 854;Apellido 854;Direccion 854;Telefono 854
Nombre 855;Apellido 855;Direccion 855;Telefono 855
Nombre 856;Apellido 856;Direccion 856;Telefono 856
Nombre 857;Apellido 857;Direccion 857;Telefono 857
Nombre 858;Apellido 858;Direccion 858;Telefono 858
Nombre 859;Apellido 859;Direccion 859;Telefono 859
Nombre 860;Apellido 860;Direccion 860;Telefono 860
Nombre 861;Apellido 861;Direccion 861;Telefono 861
Nombre 862;Apellido 862;Direccion 862;Telefono 862
Nombre 863;Apellido 863;Direccion 863;Telefono 863
Nombre 864;Apellido 864;Direccion 864;Telefono 864
Nombre 865;Apellido 865;Direccion 865;Telefono 865
Nombre 866;Apellido 866;Direccion 866;Telefono 866
Nombre 867;Apellido 867;Direccion 867;Telefono 867
Nombre 868;Apellido 868;Direccion 868;Telefono 868
Nombre 869;Apellido 869;Direccion 869;Telefono 869
Nombre 870;Apellido 870;Direccion 870;Telefono 870
Nombre 871;Apellido 871;Direccion 871;Telefono 871
Nombre 872;Apellido 872;Direccion 872;Telefono 872
Nombre 873;Apellido 873;Direccion 873;Telefono 873
Nombre 874;Apellido 874;Direccion 874;Telefono 874
Nombre 875;Apellido 875;Direccion 875;Telefono 875
Nombre 876;Apellido 876;Direccion 876;Telefono 876
Nombre 877;Apellido 877;Direccion 877;Telefono 877
Nombre 878;Apellido 878;Direccion 878;Telefono 878
Nombre 879;Apellido 879;Direccion 879;Telefono 879
Nombre 880;Apellido 880;Direccion 880;Telefono 880
Nombre 881;Apellido 881;Direccion 881;Telefono 881
Nombre 882;Apellido 882;Direccion 882;Telefono 882
Nombre 883;Apellido 883;Direccion 883;Telefono 883
Nombre 884;Apellido 884;Direccion 884;Telefono 884
Nombre 885;Apellido 885;Direccion 885;Telefono 885
Nombre 886;Apellido 886;Direccion 886;Telefono 886
Nombre 887;Apellido 887;Direccion 887;Telefono 887
Nombre 888;Apellido 888;Direccion 888;Telefono 888
Nombre 889;Apellido 889;Direccion 889;Telefono 889
Nombre 890;Apellido 890;Direccion 890;Telefono 890
Nombre 891;Apellido 891;Direccion 891;Telefono 891
Nombre 892;Apellido 892;Direccion 892;Telefono 892
Nombre 893;Apellido 893;Direccion 893;Telefono 893
Nombre 894;Apellido 894;Direccion 894;Telefono 894
Nombre 895;Apellido 895;Direccion 895;Telefono 895
Nombre 896;Apellido 896;Direccion 896;Telefono 896
Nombre 897;Apellido 897;Direccion 897;Telefono 897
Nombre 898;Apellido 898;Direccion 898;Telefono 898
Nombre 899;Apellido 899;Direccion 899;Telefono 899
Nombre 900;Apellido 900;Direccion 900;Telefono 900
Nombre 901;Apellido 901;Direccion 901;Telefono 901
Nombre 902;Apellido 902;Direccion 902;Telefono 902
Nombre 903;Apellido 903;Direccion 903;Telefono 903
Nombre 904;Apellido 904;Direccion 904;Telefono 904
Nombre 905;Apellido 905;Direccion 905;Telefono 905
Nombre 906;Apellido 906;Direccion 906;Telefono 906
Nombre 907;Apellido 907;Direccion 907;Telefono 907
Nombre 908;Apellido 908;Direccion 908;Telefono 908
Nombre 909;Apellido 909;Direccion 909;Telefono 909
Nombre 910;Apellido 910;Direccion 910;Telefono 910
Nombre 911;Apellido 911;Direccion 911;Telefono 911
Nombre 912;Apellido 912;Direccion 912;Telefono 912
Nombre 913;Apellido 913;Direccion 913;Telefono 913
Nombre 914;Apellido 914;Direccion 914;Telefono 914
Nombre 915;Apellido 915;Direccion 915;Telefono 915
Nombre 916;Apellido 916;Direccion 916;Telefono 916
Nombre 917;Apellido 917;Direccion 917;Telefono 917
Nombre 918;Apellido 918;Direccion 918;Telefono 918
Nombre 919;Apellido 919;Direccion 919;Telefono 919
Nombre 920;Apellido 920;Direccion 920;Telefono 920
Nombre 921;Apellido 921;Direccion 921;Telefono 921
Nombre 922;Apellido 922;Direccion 922;Telefono 922
Nombre 923;Apellido 923;Direccion 923;Telefono 923
Nombre 924;Apellido 924;Direccion 924;Telefono 924
Nombre 925;Apellido 925;Direccion 925;Telefono 925
Nombre 926;Apellido 926;Direccion 926;Telefono 926
Nombre 927;Apellido 927;Direccion 927;Telefono 927
Nombre 928;Apellido 928;Direccion 928;Telefono 928
Nombre 929;Apellido 929;Direccion 929;Telefono 929
Nombre 930;Apellido 930;Direccion 930;Telefono 930
Nombre 931;Apellido 931;Direccion 931;Telefono 931
Nombre 932;Apellido 932;Direccion 932;Telefono 932
Nombre 933;Apellido 933;Direccion 933;Telefono 933
Nombre 934;Apellido 934;Direccion 934;Telefono 934
Nombre 935;Apellido 935;Direccion 935;Telefono 935
Nombre 936;Apellido 936;Direccion 936;Telefono 936
Nombre 937;Apellido 937;Direccion 937;Telefono 937
Nombre 938;Apellido 938;Direccion 938;Telefono 938
Nombre 939;Apellido 939;Direccion 939;Telefono 939
Nombre 940;Apellido 940;Direccion 940;Telefono 940
Nombre 941;Apellido 941;Direccion 941;Telefono 941
Nombre 942;Apellido 942;Direccion 942;Telefono 942
Nombre 943;Apellido 943;Direccion 943;Telefono 943
Nombre 944;Apellido 944;Direccion 944;Telefono 944
Nombre 945;Apellido 945;Direccion 945;Telefono 945
Nombre 946;Apellido 946;Direccion 946;Telefono 946
Nombre 947;Apellido 947;Direccion 947;Telefono 947
Nombre 948;Apellido 948;Direccion 948;Telefono 948
Nombre 949;Apellido 949;Direccion 949;Telefono 949
Nombre 950;Apellido 950;Direccion 950;Telefono 950
Nombre 951;Apellido 951;Direccion 951;Telefono 951
Nombre 952;Apellido 952;Direccion 952;Telefono 952
Nombre 953;Apellido 953;Direccion 953;Telefono 953
Nombre 954;Apellido 954;Direccion 954;Telefono 954
Nombre 955;Apellido 955;Direccion 955;Telefono 955
Nombre 956;Apellido 956;Direccion 956;Telefono 956
Nombre 957;Apellido 957;Direccion 957;Telefono 957
Nombre 958;Apellido 958;Direccion 958;Telefono 958
Nombre 959;Apellido 959;Direccion 959;Telefono 959
Nombre 960;Apellido 960;Direccion 960;Telefono 960
Nombre 961;Apellido 961;Direccion 961;Telefono 961
Nombre 962;Apellido 962;Direccion 962;Telefono 962
Nombre 963;Apellido 963;Direccion 963;Telefono 963
Nombre 964;Apellido 964;Direccion 964;Telefono 964
Nombre 965;Apellido 965;Direccion 965;Telefono 965
Nombre 966;Apellido 966;Direccion 966;Telefono 966
Nombre 967;Apellido 967;Direccion 967;Telefono 967
Nombre 968;Apellido 968;Direccion 968;Telefono 968
Nombre 969;Apellido 969;Direccion 969;Telefono 969
Nombre 970;Apellido 970;Direccion 970;Telefono 970
Nombre 971;Apellido 971;Direccion 971;Telefono 971
Nombre 972;Apellido 972;Direccion 972;Telefono 972
Nombre 973;Apellido 973;Direccion 973;Telefono 973
Nombre 974;Apellido 974;Direccion 974;Telefono 974
Nombre 975;Apellido 975;Direccion 975;Telefono 975
Nombre 976;Apellido 976;Direccion 976;Telefono 976
Nombre 977;Apellido 977;Direccion 977;Telefono 977
Nombre 978;Apellido 978;Direccion 978;Telefono 978
Nombre 979;Apellido 979;Direccion 979;Telefono 979
Nombre 980;Apellido 980;Direccion 980;Telefono 980
Nombre 981;Apellido 981;Direccion 981;Telefono 981
Nombre 982;Apellido 982;Direccion 982;Telefono 982
Nombre 983;Apellido 983;Direccion 983;Telefono 983
Nombre 984;Apellido 984;Direccion 984;Telefono 984
Nombre 985;Apellido 985;Direccion 985;Telefono 985
Nombre 986;Apellido 986;Direccion 986;Telefono 986
Nombre 987;Apellido 987;Direccion 987;Telefono 987
Nombre 988;Apellido 988;Direccion 988;Telefono 988
Nombre 989;Apellido 989;Direccion 989;Telefono 989
Nombre 990;Apellido 990;Direccion 990;Telefono 990
Nombre 991;Apellido 991;Direccion 991;Telefono 991
Nombre 992;Apellido 992;Direccion 992;Telefono 992
Nombre 993;Apellido 993;Direccion 993;Telefono 993
Nombre 994;Apellido 994;Direccion 994;Telefono 994
Nombre 995;Apellido 995;Direccion 995;Telefono 995
Nombre 996;Apellido 996;Direccion 996;Telefono 996
Nombre 997;Apellido 997;Direccion 997;Telefono 997
Nombre 998;Apellido 998;Direccion 998;Telefono 998
Nombre 999;Apellido 999;Direccion 999;Telefono 999
Nombre 1000;Apellido 1000;Direccion 1000;Telefono 1000
